Season,Week,Timestamp
2023,1,9/10/2023 13:00:00
2023,2,9/17/2023 13:00:00
2023,3,9/24/2023 13:00:00
2023,4,10/1/2023 13:00:00
2023,5,10/8/2023 13:00:00
2023,6,10/15/2023 13:00:00
2023,7,10/22/2023 13:00:00
2023,8,10/29/2023 13:00:00
2023,9,11/5/2023 13:00:00
2023,10,11/12/2023 13:00:00
2023,11,11/19/2023 13:00:00
2023,12,11/26/2023 13:00:00
2023,13,12/3/2023 13:00:00
2023,14,12/10/2023 13:00:00
2023,15,12/17/2023 13:00:00
2023,16,12/24/2023 13:00:00
2023,17,12/31/2023 13:00:00
2024,1,9/8/2024 13:00:00
2024,2,9/15/2024 13:00:00
2024,3,9/22/2024 13:00:00
2024,4,9/29/2024 13:00:00
2024,5,10/6/2024 13:00:00
2024,6,10/13/2024 13:00:00
2024,7,10/20/2024 13:00:00
2024,8,10/27/2024 13:00:00
2024,9,11/3/2024 13:00:00
2024,10,11/10/2024 13:00:00
2024,11,11/17/2024 13:00:00
2024,12,11/24/2024 13:00:00
2024,13,12/1/2024 13:00:00
2024,14,12/8/2024 13:00:00
2024,15,12/15/2024 13:00:00
2024,16,12/22/2024 13:00:00
2024,17,12/29/2024 13:00:00
2025,1,9/7/2025 13:00:00
2025,2,9/14/2025 13:00:00
2025,3,9/21/2025 13:00:00
2025,4,9/28/2025 13:00:00
2025,5,10/5/2025 13:00:00
2025,6,10/12/2025 13:00:00
2025,7,10/19/2025 13:00:00
2025,8,10/26/2025 13:00:00
2025,9,11/2/2025 13:00:00
2025,10,11/9/2025 13:00:00
2025,11,11/16/2025 13:00:00
2025,12,11/23/2025 13:00:00
2025,13,11/30/2025 13:00:00
2025,14,12/7/2025 13:00:00
2025,15,12/14/2025 13:00:00
2025,16,12/21/2025 13:00:00
2025,17,12/28/2025 13:00:00
2026,1,9/13/2026 13:00:00
2026,2,9/20/2026 13:00:00
2026,3,9/27/2026 13:00:00
2026,4,10/4/2026 13:00:00
2026,5,10/11/2026 13:00:00
2026,6,10/18/2026 13:00:00
2026,7,10/25/2026 13:00:00
2026,8,11/1/2026 13:00:00
2026,9,11/8/2026 13:00:00
2026,10,11/15/2026 13:00:00
2026,11,11/22/2026 13:00:00
2026,12,11/29/2026 13:00:00
2026,13,12/6/2026 13:00:00
2026,14,12/13/2026 13:00:00
2026,15,12/20/2026 13:00:00
2026,16,12/27/2026 13:00:00
2026,17,1/3/2027 13:00:00