TT,KTC
1.01,Early 1st
1.02,Early 1st
1.03,Early 1st
1.04,Early 1st
1.05,Mid 1st
1.06,Mid 1st
1.07,Mid 1st
1.08,Mid 1st
1.09,Late 1st
1.1,Late 1st
1.11,Late 1st
1.12,Late 1st
2.01,Early 2nd
2.02,Early 2nd
2.03,Early 2nd
2.04,Early 2nd
2.05,Mid 2nd
2.06,Mid 2nd
2.07,Mid 2nd
2.08,Mid 2nd
2.09,Late 2nd
2.1,Late 2nd
2.11,Late 2nd
2.12,Late 2nd
3.01,Early 3rd
3.02,Early 3rd
3.03,Early 3rd
3.04,Early 3rd
3.05,Mid 3rd
3.06,Mid 3rd
3.07,Mid 3rd
3.08,Mid 3rd
3.09,Late 3rd
3.1,Late 3rd
3.11,Late 3rd
3.12,Late 3rd
4.01,Early 4th
4.02,Early 4th
4.03,Early 4th
4.04,Early 4th
4.05,Mid 4th
4.06,Mid 4th
4.07,Mid 4th
4.08,Mid 4th
4.09,Late 4th
4.1,Late 4th
4.11,Late 4th
4.12,Late 4th