Year,Round,Pick,Owner
2023,1,1,Sean
2023,1,2,Keyon
2023,1,3,Colin
2023,1,4,Karl
2023,1,5,Rob
2023,1,6,Matt
2023,1,7,CJ
2023,1,8,Nick
2023,1,9,Cam
2023,1,10,Amir
2023,1,11,Troy
2023,1,12,Beckwith
2024,1,1,Karl
2024,1,2,Troy
2024,1,3,Amir
2024,1,4,Matt
2024,1,5,Beckwith
2024,1,6,Sean
2024,1,7,Keyon
2024,1,8,Nick
2024,1,9,CJ
2024,1,10,Colin
2024,1,11,Rob
2024,1,12,Cam
2024,2,1,Amir
2024,2,2,Karl
2024,2,3,Beckwith
2024,2,4,Sean
2024,2,5,Matt
2024,2,6,Troy
2024,2,7,Keyon
2024,2,8,Nick
2024,2,9,CJ
2024,2,10,Colin
2024,2,11,Rob
2024,2,12,Cam
2025,1,1,Rob
2025,1,2,Sean
2025,1,3,Beckwith
2025,1,4,Amir
2025,1,5,Troy
2025,1,6,Colin
2025,1,7,Nick
2025,1,8,Keyon
2025,1,9,Cam
2025,1,10,Matt
2025,1,11,Karl
2025,1,12,CJ
2025,2,1,Sean
2025,2,2,Beckwith
2025,2,3,Rob
2025,2,4,Amir
2025,2,5,Troy
2025,2,6,Colin
2025,2,7,Nick
2025,2,8,Keyon
2025,2,9,Cam
2025,2,10,Matt
2025,2,11,Karl
2025,2,12,CJ